{
  "version": "2024.1",
  "applications": [],
  "platforms": [
    {
      "name": "DTMF_tone_filtering"
    }
  ],
  "systems": [
    {
      "name": "dtmf_fft_filtering_App_system",
      "platform": "C:/Users/jvand/workspace/DTMF_FFT_FILTERING/DTMF_tone_filtering/export/DTMF_tone_filtering/DTMF_tone_filtering.xpfm",
      "sysConfig": "DTMF_tone_filtering",
      "buildConfig": "Debug",
      "applications": [
        {
          "name": "dtmf_fft_filtering_App",
          "platform": "C:/Users/jvand/workspace/DTMF_FFT_FILTERING/DTMF_tone_filtering/export/DTMF_tone_filtering/DTMF_tone_filtering.xpfm",
          "platformPath": "C:\\Users\\jvand\\workspace\\DTMF_FFT_FILTERING\\DTMF_tone_filtering\\export\\DTMF_tone_filtering",
          "sysConfig": "DTMF_tone_filtering",
          "domain": "standalone_ps7_cortexa9_0",
          "system": "dtmf_fft_filtering_App_system"
        }
      ],
      "platformPath": "C:\\Users\\jvand\\workspace\\DTMF_FFT_FILTERING\\DTMF_tone_filtering\\export\\DTMF_tone_filtering"
    }
  ],
  "others": []
}