{
  "version": "2024.1",
  "applications": [],
  "platforms": [],
  "systems": [
    {
      "name": "dtmf_application_system",
      "platform": "C:/programming/audio/dtmf/AudioProcessing2/export/AudioProcessing2/AudioProcessing2.xpfm",
      "sysConfig": "AudioProcessing2",
      "buildConfig": "Debug",
      "applications": [
        {
          "name": "dtmf_application",
          "platform": "C:/programming/audio/dtmf/AudioProcessing2/export/AudioProcessing2/AudioProcessing2.xpfm",
          "platformPath": "C:\\programming\\audio\\dtmf\\AudioProcessing2\\export\\AudioProcessing2",
          "sysConfig": "AudioProcessing2",
          "domain": "standalone_ps7_cortexa9_0",
          "system": "dtmf_application_system"
        }
      ],
      "platformPath": "C:\\programming\\audio\\dtmf\\AudioProcessing2\\export\\AudioProcessing2"
    }
  ],
  "others": []
}